,observation_date,NROU
0,2000-07-01,5.081701651
1,2000-08-01,5.081701651
2,2000-09-01,5.081701651
3,2000-10-01,5.07476733
4,2000-11-01,5.07476733
5,2000-12-01,5.07476733
6,2001-01-01,5.068230454
7,2001-02-01,5.068230454
8,2001-03-01,5.068230454
9,2001-04-01,5.062071269
10,2001-05-01,5.062071269
11,2001-06-01,5.062071269
12,2001-07-01,5.056273458
13,2001-08-01,5.056273458
14,2001-09-01,5.056273458
15,2001-10-01,5.050824352
16,2001-11-01,5.050824352
17,2001-12-01,5.050824352
18,2002-01-01,5.045714998999999
19,2002-02-01,5.045714998999999
20,2002-03-01,5.045714998999999
21,2002-04-01,5.0409400710000005
22,2002-05-01,5.0409400710000005
23,2002-06-01,5.0409400710000005
24,2002-07-01,5.036497622
25,2002-08-01,5.036497622
26,2002-09-01,5.036497622
27,2002-10-01,5.032388701
28,2002-11-01,5.032388701
29,2002-12-01,5.032388701
30,2003-01-01,5.028616825
31,2003-02-01,5.028616825
32,2003-03-01,5.028616825
33,2003-04-01,5.025187331000001
34,2003-05-01,5.025187331000001
35,2003-06-01,5.025187331000001
36,2003-07-01,5.022106626
37,2003-08-01,5.022106626
38,2003-09-01,5.022106626
39,2003-10-01,5.019381339
40,2003-11-01,5.019381339
41,2003-12-01,5.019381339
42,2004-01-01,5.017017429
43,2004-02-01,5.017017429
44,2004-03-01,5.017017429
45,2004-04-01,5.015019231
46,2004-05-01,5.015019231
47,2004-06-01,5.015019231
48,2004-07-01,5.013388508999999
49,2004-08-01,5.013388508999999
50,2004-09-01,5.013388508999999
51,2004-10-01,5.012123508999999
52,2004-11-01,5.012123508999999
53,2004-12-01,5.012123508999999
54,2005-01-01,5.011218059
55,2005-02-01,5.011218059
56,2005-03-01,5.011218059
57,2005-04-01,5.01066073
58,2005-05-01,5.01066073
59,2005-06-01,5.01066073
60,2005-07-01,5.010434094
61,2005-08-01,5.010434094
62,2005-09-01,5.010434094
63,2005-10-01,5.01051409
64,2005-11-01,5.01051409
65,2005-12-01,5.01051409
66,2006-01-01,5.010869535
67,2006-02-01,5.010869535
68,2006-03-01,5.010869535
69,2006-04-01,5.011461778999999
70,2006-05-01,5.011461778999999
71,2006-06-01,5.011461778999999
72,2006-07-01,5.012244536
73,2006-08-01,5.012244536
74,2006-09-01,5.012244536
75,2006-10-01,5.0131638910000005
76,2006-11-01,5.0131638910000005
77,2006-12-01,5.0131638910000005
78,2007-01-01,5.0141584980000005
79,2007-02-01,5.0141584980000005
80,2007-03-01,5.0141584980000005
81,2007-04-01,5.015159963
82,2007-05-01,5.015159963
83,2007-06-01,5.015159963
84,2007-07-01,5.016093422
85,2007-08-01,5.016093422
86,2007-09-01,5.016093422
87,2007-10-01,5.016878297
88,2007-11-01,5.016878297
89,2007-12-01,5.016878297
90,2008-01-01,5.017429226
91,2008-02-01,5.017429226
92,2008-03-01,5.017429226
93,2008-04-01,5.017657154
94,2008-05-01,5.017657154
95,2008-06-01,5.017657154
96,2008-07-01,5.0174705610000006
97,2008-08-01,5.0174705610000006
98,2008-09-01,5.0174705610000006
99,2008-10-01,5.016776812
100,2008-11-01,5.016776812
101,2008-12-01,5.016776812
102,2009-01-01,5.015483596
103,2009-02-01,5.015483596
104,2009-03-01,5.015483596
105,2009-04-01,5.013500434
106,2009-05-01,5.013500434
107,2009-06-01,5.013500434
108,2009-07-01,5.01074023
109,2009-08-01,5.01074023
110,2009-09-01,5.01074023
111,2009-10-01,5.0071208160000005
112,2009-11-01,5.0071208160000005
113,2009-12-01,5.0071208160000005
114,2010-01-01,5.0025664789999995
115,2010-02-01,5.0025664789999995
116,2010-03-01,5.0025664789999995
117,2010-04-01,4.997009431
118,2010-05-01,4.997009431
119,2010-06-01,4.997009431
120,2010-07-01,4.9903911910000005
121,2010-08-01,4.9903911910000005
122,2010-09-01,4.9903911910000005
123,2010-10-01,4.982663843
124,2010-11-01,4.982663843
125,2010-12-01,4.982663843
126,2011-01-01,4.973791157
127,2011-02-01,4.973791157
128,2011-03-01,4.973791157
129,2011-04-01,4.963749528999999
130,2011-05-01,4.963749528999999
131,2011-06-01,4.963749528999999
132,2011-07-01,4.95252874
133,2011-08-01,4.95252874
134,2011-09-01,4.95252874
135,2011-10-01,4.940132488
136,2011-11-01,4.940132488
137,2011-12-01,4.940132488
138,2012-01-01,4.926578709
139,2012-02-01,4.926578709
140,2012-03-01,4.926578709
141,2012-04-01,4.911899646
142,2012-05-01,4.911899646
143,2012-06-01,4.911899646
144,2012-07-01,4.89614169
145,2012-08-01,4.89614169
146,2012-09-01,4.89614169
147,2012-10-01,4.879364966
148,2012-11-01,4.879364966
149,2012-12-01,4.879364966
150,2013-01-01,4.861642687
151,2013-02-01,4.861642687
152,2013-03-01,4.861642687
153,2013-04-01,4.843060274
154,2013-05-01,4.843060274
155,2013-06-01,4.843060274
156,2013-07-01,4.823714263
157,2013-08-01,4.823714263
158,2013-09-01,4.823714263
159,2013-10-01,4.8037110069999995
160,2013-11-01,4.8037110069999995
161,2013-12-01,4.8037110069999995
162,2014-01-01,4.7831652039999994
163,2014-02-01,4.7831652039999994
164,2014-03-01,4.7831652039999994
165,2014-04-01,4.762198273
166,2014-05-01,4.762198273
167,2014-06-01,4.762198273
168,2014-07-01,4.740936606
169,2014-08-01,4.740936606
170,2014-09-01,4.740936606
171,2014-10-01,4.719509728999999
172,2014-11-01,4.719509728999999
173,2014-12-01,4.719509728999999
174,2015-01-01,4.698048397
175,2015-02-01,4.698048397
176,2015-03-01,4.698048397
177,2015-04-01,4.676682672
178,2015-05-01,4.676682672
179,2015-06-01,4.676682672
180,2015-07-01,4.655540006
181,2015-08-01,4.655540006
182,2015-09-01,4.655540006
183,2015-10-01,4.634743367
184,2015-11-01,4.634743367
185,2015-12-01,4.634743367
186,2016-01-01,4.614409445
187,2016-02-01,4.614409445
188,2016-03-01,4.614409445
189,2016-04-01,4.594646968999999
190,2016-05-01,4.594646968999999
191,2016-06-01,4.594646968999999
192,2016-07-01,4.575555157
193,2016-08-01,4.575555157
194,2016-09-01,4.575555157
195,2016-10-01,4.5572223460000005
196,2016-11-01,4.5572223460000005
197,2016-12-01,4.5572223460000005
198,2017-01-01,4.539724801
199,2017-02-01,4.539724801
200,2017-03-01,4.539724801
201,2017-04-01,4.523125741
202,2017-05-01,4.523125741
203,2017-06-01,4.523125741
204,2017-07-01,4.507474599
205,2017-08-01,4.507474599
206,2017-09-01,4.507474599
207,2017-10-01,4.492806508
208,2017-11-01,4.492806508
209,2017-12-01,4.492806508
210,2018-01-01,4.479142049
211,2018-02-01,4.479142049
212,2018-03-01,4.479142049
213,2018-04-01,4.466487238
214,2018-05-01,4.466487238
215,2018-06-01,4.466487238
216,2018-07-01,4.454833762
217,2018-08-01,4.454833762
218,2018-09-01,4.454833762
219,2018-10-01,4.444159456
220,2018-11-01,4.444159456
221,2018-12-01,4.444159456
222,2019-01-01,4.434429008
223,2019-02-01,4.434429008
224,2019-03-01,4.434429008
225,2019-04-01,4.425594874
226,2019-05-01,4.425594874
227,2019-06-01,4.425594874
228,2019-07-01,4.4175983819999995
229,2019-08-01,4.4175983819999995
230,2019-09-01,4.4175983819999995
231,2019-10-01,4.410371013
232,2019-11-01,4.410371013
233,2019-12-01,4.410371013
234,2020-01-01,4.403835815
235,2020-02-01,4.403835815
236,2020-03-01,4.403835815
237,2020-04-01,4.3979089369999995
238,2020-05-01,4.3979089369999995
239,2020-06-01,4.3979089369999995
240,2020-07-01,4.392501241000001
241,2020-08-01,4.392501241000001
242,2020-09-01,4.392501241000001
243,2020-10-01,4.387519967
244,2020-11-01,4.387519967
245,2020-12-01,4.387519967
246,2021-01-01,4.3863704210000005
247,2021-02-01,4.3863704210000005
248,2021-03-01,4.3863704210000005
249,2021-04-01,4.380997848
250,2021-05-01,4.380997848
251,2021-06-01,4.380997848
252,2021-07-01,4.375862369
253,2021-08-01,4.375862369
254,2021-09-01,4.375862369
255,2021-10-01,4.370967225
256,2021-11-01,4.370967225
257,2021-12-01,4.370967225
258,2022-01-01,4.366320029
259,2022-02-01,4.366320029
260,2022-03-01,4.366320029
261,2022-04-01,4.361905793
262,2022-05-01,4.361905793
263,2022-06-01,4.361905793
264,2022-07-01,4.357603227
265,2022-08-01,4.357603227
266,2022-09-01,4.357603227
267,2022-10-01,4.353270628
268,2022-11-01,4.353270628
269,2022-12-01,4.353270628
270,2023-01-01,4.348774995
271,2023-02-01,4.348774995
272,2023-03-01,4.348774995
273,2023-04-01,4.3440027169999995
274,2023-05-01,4.3440027169999995
275,2023-06-01,4.3440027169999995
276,2023-07-01,4.338890148
277,2023-08-01,4.338890148
278,2023-09-01,4.338890148
279,2023-10-01,4.333393686
280,2023-11-01,4.333393686
281,2023-12-01,4.333393686
282,2024-01-01,4.327479745
283,2024-02-01,4.327479745
284,2024-03-01,4.327479745
285,2024-04-01,4.321120484
286,2024-05-01,4.321120484
287,2024-06-01,4.321120484
288,2024-07-01,4.322554381000001
289,2024-08-01,4.322554381000001
290,2024-09-01,4.322554381000001
291,2024-10-01,4.321673018
292,2024-11-01,4.321673018
293,2024-12-01,4.321673018
294,2025-01-01,4.320248166
295,2025-02-01,4.320248166
296,2025-03-01,4.320248166
297,2025-04-01,4.318227512
298,2025-05-01,4.318227512
299,2025-06-01,4.318227512
300,2025-07-01,4.315607994
